indentX,indentY,indentZ,indentRad,indentMat,wire
0.0009999658155739602,0.001200012707975198,-1.2495067387725128e-05,6.250329027713253e-05,<FrictMat instance at 0x3cf5d170>,True
